,Titles,Prices,Links
1,Silicone Protective Case Retro Pager Beeper 3D Headphone Protector Earphone Accessories with Lanyard Cover Shell for AirPods 4,760.17,//www.aliexpress.com/item/1005008799323267.html?algo_pvid=d5c1977c-943b-492a-8f5a-159bf33776a6&algo_exp_id=d5c1977c-943b-492a-8f5a-159bf33776a6-0&pdp_ext_f=%7B%22order%22%3A%22-1%22%2C%22eval%22%3A%221%22%7D&pdp_npi=4%40dis%21PKR%211520.74%21760.17%21%21%2138.49%2119.24%21%4021015b7d17490140211808954e46f3%2112000046709471277%21sea%21PK%210%21ABX&curPageLogUid=DU3VuWnc0G1i&utparam-url=scene%3Asearch%7Cquery_from%3A
2,Korean Style Flower Stereoscopic Ribbon Bowknot Butterfly Bead Chain Pendant Earphone Cover Case for AirPods 1 or 2 3 4 Pro 2,1643.66,//www.aliexpress.com/item/1005009147058881.html?algo_pvid=d5c1977c-943b-492a-8f5a-159bf33776a6&algo_exp_id=d5c1977c-943b-492a-8f5a-159bf33776a6-1&pdp_ext_f=%7B%22order%22%3A%22-1%22%2C%22eval%22%3A%221%22%7D&pdp_npi=4%40dis%21PKR%211643.66%211643.66%21%21%215.82%215.82%21%4021015b7d17490140211808954e46f3%2112000048087379567%21sea%21PK%210%21ABX&curPageLogUid=WmaN4c018BeT&utparam-url=scene%3Asearch%7Cquery_from%3A
3,Cover for AirPods Pro 2 Wireless Bluetooth Earphone Silicone Cover Case Split Cover Ultra-Thin Skin for apple Airpod Pro 2 Case,657.05,//www.aliexpress.com/item/1005006630268718.html?algo_pvid=d5c1977c-943b-492a-8f5a-159bf33776a6&algo_exp_id=d5c1977c-943b-492a-8f5a-159bf33776a6-2&pdp_ext_f=%7B%22order%22%3A%224980%22%2C%22eval%22%3A%221%22%7D&pdp_npi=4%40dis%21PKR%211728.95%21657.05%21%21%2143.76%2116.63%21%4021015b7d17490140211808954e46f3%2112000037873686642%21sea%21PK%210%21ABX&curPageLogUid=bXHsfiaUhove&utparam-url=scene%3Asearch%7Cquery_from%3A
4,for airpod 3 2021 case Silicone Soft Skin Protect Case cute Pro 2 case for airpods 3rd generation fund for Airpods Pro 2 3 Cover,641.64,//www.aliexpress.com/item/1005006438445350.html?algo_pvid=d5c1977c-943b-492a-8f5a-159bf33776a6&algo_exp_id=d5c1977c-943b-492a-8f5a-159bf33776a6-4&pdp_ext_f=%7B%22order%22%3A%222698%22%2C%22eval%22%3A%221%22%7D&pdp_npi=4%40dis%21PKR%211688.26%21641.64%21%21%2142.73%2116.24%21%4021015b7d17490140211808954e46f3%2112000037168616288%21sea%21PK%210%21ABX&curPageLogUid=ejXHB2E2IKKs&utparam-url=scene%3Asearch%7Cquery_from%3A
5,3-piece Set For Apple AirPods 4 Case With Cleaner Kit Soft Silicone Protective Cover For Women Men With Anti Loss Rope non-slip,740.81,//www.aliexpress.com/item/1005008932731131.html?algo_pvid=d5c1977c-943b-492a-8f5a-159bf33776a6&algo_exp_id=d5c1977c-943b-492a-8f5a-159bf33776a6-5&pdp_ext_f=%7B%22order%22%3A%222026%22%2C%22eval%22%3A%221%22%2C%22orig_sl_item_id%22%3A%221005008932731131%22%2C%22orig_item_id%22%3A%221005008249489804%22%7D&pdp_npi=4%40dis%21PKR%211610.42%21740.81%21%21%2140.76%2118.75%21%4021015b7d17490140211808954e46f3%2112000047255628891%21sea%21PK%210%21ABX&curPageLogUid=p2YNM08lO4SM&utparam-url=scene%3Asearch%7Cquery_from%3A
6,"Ultra-Thin Silicone Earphone Cases For Airpods 1/2, Airpods 3 Protective Headphones Case For Apple Airpods Pro 2 Airpods Covers",929.56,//www.aliexpress.com/item/1005007185513018.html?algo_pvid=d5c1977c-943b-492a-8f5a-159bf33776a6&algo_exp_id=d5c1977c-943b-492a-8f5a-159bf33776a6-6&pdp_ext_f=%7B%22order%22%3A%225842%22%2C%22eval%22%3A%221%22%7D&pdp_npi=4%40dis%21PKR%212581.58%21929.56%21%21%2165.34%2123.53%21%4021015b7d17490140211808954e46f3%2112000039756965170%21sea%21PK%210%21ABX&curPageLogUid=Z1m6xqfNpglU&utparam-url=scene%3Asearch%7Cquery_from%3A
7,For AirPods 4 Sticker Earphone Case Metal Dustproof Scratch Resistant Sticker Cover For Airpods 4 4th 2024 Gen Protective Film,609.32,//www.aliexpress.com/item/1005008120577067.html?algo_pvid=d5c1977c-943b-492a-8f5a-159bf33776a6&algo_exp_id=d5c1977c-943b-492a-8f5a-159bf33776a6-9&pdp_ext_f=%7B%22order%22%3A%221150%22%2C%22eval%22%3A%221%22%7D&pdp_npi=4%40dis%21PKR%211647.96%21609.32%21%21%2141.71%2115.42%21%4021015b7d17490140211808954e46f3%2112000043872257313%21sea%21PK%210%21ABX&curPageLogUid=qwbON7bn5FeG&utparam-url=scene%3Asearch%7Cquery_from%3A
8,Earphones Case For AirPods Pro 1st 2nd generation Shockproof Switch Cover Luxury For Airpods Pro 3 2 1 Case with keychain Hook,999.75,//www.aliexpress.com/item/1005009088725490.html?algo_pvid=d5c1977c-943b-492a-8f5a-159bf33776a6&algo_exp_id=d5c1977c-943b-492a-8f5a-159bf33776a6-10&pdp_ext_f=%7B%22order%22%3A%22-1%22%2C%22eval%22%3A%221%22%7D&pdp_npi=4%40dis%21PKR%21999.75%21999.75%21%21%213.54%213.54%21%4021015b7d17490140211808954e46f3%2112000047867595243%21sea%21PK%210%21ABX&curPageLogUid=tutErjfWFD9S&utparam-url=scene%3Asearch%7Cquery_from%3A
9,2024 New Hard Protector for AirPods 4 with Magnetic Lid Lock Hybrid Case Luxury Protection Cover for Apple AirPods 4(USB C),1443.15,//www.aliexpress.com/item/1005008219156690.html?algo_pvid=d5c1977c-943b-492a-8f5a-159bf33776a6&algo_exp_id=d5c1977c-943b-492a-8f5a-159bf33776a6-11&pdp_ext_f=%7B%22order%22%3A%22935%22%2C%22eval%22%3A%221%22%7D&pdp_npi=4%40dis%21PKR%213903.18%211443.15%21%21%2198.79%2136.53%21%4021015b7d17490140211808954e46f3%2112000044276185639%21sea%21PK%210%21ABX&curPageLogUid=Ptefjhs5nIsL&utparam-url=scene%3Asearch%7Cquery_from%3A
10,Cute Lying Panda Headphone Case For AirPods 4 (2024) Airpod Pro 1 2 3 Bluetooth Earbuds Charging Box Protective Earphone Cover,1254.44,//www.aliexpress.com/item/1005008315629467.html?algo_pvid=d5c1977c-943b-492a-8f5a-159bf33776a6&algo_exp_id=d5c1977c-943b-492a-8f5a-159bf33776a6-12&pdp_ext_f=%7B%22order%22%3A%221482%22%2C%22eval%22%3A%221%22%2C%22orig_sl_item_id%22%3A%221005008315629467%22%2C%22orig_item_id%22%3A%221005008040159647%22%7D&pdp_npi=4%40dis%21PKR%212726.97%211254.44%21%21%2169.02%2131.75%21%4021015b7d17490140211808954e46f3%2112000044585956178%21sea%21PK%210%21ABX&curPageLogUid=FK59hx3Yddol&utparam-url=scene%3Asearch%7Cquery_from%3A
11,Wireless Bluetooth case for AirPods1/2 AirPods3 AirPods pro and pro2 tpu flower pattern earphone cover with imitation pearl chai,1169.89,//www.aliexpress.com/item/1005007635038246.html?algo_pvid=d5c1977c-943b-492a-8f5a-159bf33776a6&algo_exp_id=d5c1977c-943b-492a-8f5a-159bf33776a6-14&pdp_ext_f=%7B%22order%22%3A%221753%22%2C%22eval%22%3A%221%22%2C%22orig_sl_item_id%22%3A%221005007635038246%22%2C%22orig_item_id%22%3A%221005006979889382%22%7D&pdp_npi=4%40dis%21PKR%212542.86%211169.89%21%21%2164.36%2129.61%21%4021015b7d17490140211808954e46f3%2112000041587121166%21sea%21PK%210%21ABX&curPageLogUid=S0547guHQar9&utparam-url=scene%3Asearch%7Cquery_from%3A
12,Bluetooth Earphone Silicone Earhook For Airpods 1/2 Pro Earpods Loop Clip Headset Ear Hook Replacement Headphone Accessories,620.7,//www.aliexpress.com/item/1005006904753016.html?algo_pvid=d5c1977c-943b-492a-8f5a-159bf33776a6&algo_exp_id=d5c1977c-943b-492a-8f5a-159bf33776a6-16&pdp_ext_f=%7B%22order%22%3A%228638%22%2C%22eval%22%3A%221%22%2C%22orig_sl_item_id%22%3A%221005006904753016%22%2C%22orig_item_id%22%3A%221005006854254147%22%7D&pdp_npi=4%40dis%21PKR%211349.66%21620.70%21%21%2134.16%2115.71%21%4021015b7d17490140211808954e46f3%2112000038670929611%21sea%21PK%210%21ABX&curPageLogUid=aQhtWuDbAFIh&utparam-url=scene%3Asearch%7Cquery_from%3A
13,For Apple airpods1/2/3/4 generation airpods pro2 gentle pink apple blue stripe earphone case generation silicone soft cute case,1098.37,//www.aliexpress.com/item/1005009029326324.html?algo_pvid=d5c1977c-943b-492a-8f5a-159bf33776a6&algo_exp_id=d5c1977c-943b-492a-8f5a-159bf33776a6-18&pdp_ext_f=%7B%22order%22%3A%22-1%22%2C%22eval%22%3A%221%22%7D&pdp_npi=4%40dis%21PKR%211169.49%211098.37%21%21%2129.60%2127.80%21%4021015b7d17490140211808954e46f3%2112000047641274153%21sea%21PK%210%21ABX&curPageLogUid=f4QA1C8KSnHE&utparam-url=scene%3Asearch%7Cquery_from%3A
14,Wireless Magnetic Earphone Hanging Rope Cable For AirPods 3 2 1 Pro Anti Lost Silicone Cord Holder Cable Earphone Accessories,609.25,//www.aliexpress.com/item/1005006639057381.html?algo_pvid=d5c1977c-943b-492a-8f5a-159bf33776a6&algo_exp_id=d5c1977c-943b-492a-8f5a-159bf33776a6-19&pdp_ext_f=%7B%22order%22%3A%222435%22%2C%22eval%22%3A%221%22%7D&pdp_npi=4%40dis%21PKR%211646.38%21609.25%21%21%2141.67%2115.42%21%4021015b7d17490140211808954e46f3%2112000037897567601%21sea%21PK%210%21ABX&curPageLogUid=odvhbaPSkLhx&utparam-url=scene%3Asearch%7Cquery_from%3A
15,Cartoon Protective Case for Apple AirPods 1/2 Gen Bag Anti-Fall Compatible with 3rd Gen/PRO2 Earphone Cover Bag Accessory,2324.27,//www.aliexpress.com/item/1005008953944566.html?algo_pvid=d5c1977c-943b-492a-8f5a-159bf33776a6&algo_exp_id=d5c1977c-943b-492a-8f5a-159bf33776a6-20&pdp_ext_f=%7B%22order%22%3A%2210%22%2C%22eval%22%3A%221%22%7D&pdp_npi=4%40dis%21PKR%214648.55%212324.27%21%21%2116.46%218.23%21%4021015b7d17490140211808954e46f3%2112000047347895162%21sea%21PK%210%21ABX&curPageLogUid=FjsgZST8rlVX&utparam-url=scene%3Asearch%7Cquery_from%3A
16,Flip Cover Wireless Bluetooth Earphone Case for Apple AirPods Pro2 Cute Male Small New Phone Accessory Compatible with Generatio,847.25,//www.aliexpress.com/item/1005008903598107.html?algo_pvid=d5c1977c-943b-492a-8f5a-159bf33776a6&algo_exp_id=d5c1977c-943b-492a-8f5a-159bf33776a6-21&pdp_ext_f=%7B%22order%22%3A%2211%22%2C%22eval%22%3A%221%22%7D&pdp_npi=4%40dis%21PKR%211694.49%21847.25%21%21%216.00%213.00%21%4021015b7d17490140211808954e46f3%2112000047135529547%21sea%21PK%210%21ABX&curPageLogUid=Joun3QYoVZdc&utparam-url=scene%3Asearch%7Cquery_from%3A
17,Waterproof EVA Hard Storage Carrying Case Travel Portable Protective Carrying Case for AirPods Max Headphones Accessories,2013.82,//www.aliexpress.com/item/1005008946477311.html?algo_pvid=d5c1977c-943b-492a-8f5a-159bf33776a6&algo_exp_id=d5c1977c-943b-492a-8f5a-159bf33776a6-22&pdp_ext_f=%7B%22order%22%3A%22-1%22%2C%22eval%22%3A%221%22%7D&pdp_npi=4%40dis%21PKR%212013.82%212013.82%21%21%2150.97%2150.97%21%4021015b7d17490140211808954e46f3%2112000047311621948%21sea%21PK%210%21ABX&curPageLogUid=qX6OBoJt4Auq&utparam-url=scene%3Asearch%7Cquery_from%3A
18,Cute Lovely White Polka Point Red Strawberry Glossy Shockproof Protective Cover Case For AirPods 1 2 3 4 Pro with Charm Pendant,1331.88,//www.aliexpress.com/item/1005007171873583.html?algo_pvid=d5c1977c-943b-492a-8f5a-159bf33776a6&algo_exp_id=d5c1977c-943b-492a-8f5a-159bf33776a6-23&pdp_ext_f=%7B%22order%22%3A%222543%22%2C%22eval%22%3A%221%22%7D&pdp_npi=4%40dis%21PKR%213599.75%211331.88%21%21%2191.11%2133.71%21%4021015b7d17490140211808954e46f3%2112000039696772150%21sea%21PK%210%21ABX&curPageLogUid=fSGB7ENhSUjU&utparam-url=scene%3Asearch%7Cquery_from%3A
19,For AirPods Pro Protective Case Silicone New Solid Color Apple Bluetooth Headset Soft Case Protective Cover,648.75,//www.aliexpress.com/item/1005007532276116.html?algo_pvid=d5c1977c-943b-492a-8f5a-159bf33776a6&algo_exp_id=d5c1977c-943b-492a-8f5a-159bf33776a6-24&pdp_ext_f=%7B%22order%22%3A%226183%22%2C%22eval%22%3A%221%22%7D&pdp_npi=4%40dis%21PKR%211753.84%21648.75%21%21%2144.39%2116.42%21%4021015b7d17490140211808954e46f3%2112000041180204607%21sea%21PK%210%21ABX&curPageLogUid=muoNuZJbimmz&utparam-url=scene%3Asearch%7Cquery_from%3A
20,Original Apple AirPods Pro2 Wireless Headphone Bluetooth Earphone In Ear Tws Gaming Sports Headphones for Air Smartphones IPhone,8692.18,//www.aliexpress.com/item/1005009003840757.html?algo_pvid=d5c1977c-943b-492a-8f5a-159bf33776a6&algo_exp_id=d5c1977c-943b-492a-8f5a-159bf33776a6-28&pdp_ext_f=%7B%22order%22%3A%22432%22%2C%22eval%22%3A%221%22%7D&pdp_npi=4%40dis%21PKR%2117384.36%218692.18%21%21%21440.00%21220.00%21%4021015b7d17490140211808954e46f3%2112000047727124177%21sea%21PK%210%21ABX&curPageLogUid=EzajE4CMWvVv&utparam-url=scene%3Asearch%7Cquery_from%3A
21,Silicone protective case suitable for airpods original design dental headphone cover,7286.31,//www.aliexpress.com/item/1005008393884231.html?algo_pvid=d5c1977c-943b-492a-8f5a-159bf33776a6&algo_exp_id=d5c1977c-943b-492a-8f5a-159bf33776a6-29&pdp_ext_f=%7B%22order%22%3A%22-1%22%2C%22eval%22%3A%221%22%7D&pdp_npi=4%40dis%21PKR%217286.31%217286.31%21%21%2125.80%2125.80%21%4021015b7d17490140211808954e46f3%2112000044837047741%21sea%21PK%210%21ABX&curPageLogUid=eiWjyGZn89M0&utparam-url=scene%3Asearch%7Cquery_from%3A
22,Soft Silicone Anti Lost Magnetic Rope Earphones for Apple Airpods 2 1 3 Air Pods Pro Bluetooth Wireless Headphone Earbuds Strap,689.05,//www.aliexpress.com/item/1005005829845346.html?algo_pvid=d5c1977c-943b-492a-8f5a-159bf33776a6&algo_exp_id=d5c1977c-943b-492a-8f5a-159bf33776a6-30&pdp_ext_f=%7B%22order%22%3A%222673%22%2C%22eval%22%3A%221%22%7D&pdp_npi=4%40dis%21PKR%211813.50%21689.05%21%21%2145.90%2117.44%21%4021015b7d17490140211808954e46f3%2112000034501363273%21sea%21PK%210%21ABX&curPageLogUid=iYbJdCAhuz6p&utparam-url=scene%3Asearch%7Cquery_from%3A
23,Cute Cartoon Sanrio Hello Kitty  Earphone Case For AirPods 4 1 2 3 Pro 2021 Wireless Bluetooth Headset Soft TPU Protective Cover,958.11,//www.aliexpress.com/item/1005007476789489.html?algo_pvid=d5c1977c-943b-492a-8f5a-159bf33776a6&algo_exp_id=d5c1977c-943b-492a-8f5a-159bf33776a6-31&pdp_ext_f=%7B%22order%22%3A%223325%22%2C%22eval%22%3A%221%22%2C%22orig_sl_item_id%22%3A%221005007476789489%22%2C%22orig_item_id%22%3A%221005006377478137%22%7D&pdp_npi=4%40dis%21PKR%212082.96%21958.11%21%21%2152.72%2124.25%21%4021015b7d17490140211808954e46f3%2112000040910128846%21sea%21PK%210%21ABX&curPageLogUid=VPfAnnMCFpdC&utparam-url=scene%3Asearch%7Cquery_from%3A
24,Transparent Earphone Case For Airpods Pro 2 Generation 2022 Cases Hard PC Clear Headphone Cover For Airpods 3 2 1 Charging Bags,696.56,//www.aliexpress.com/item/1005006838333004.html?algo_pvid=d5c1977c-943b-492a-8f5a-159bf33776a6&algo_exp_id=d5c1977c-943b-492a-8f5a-159bf33776a6-32&pdp_ext_f=%7B%22order%22%3A%223730%22%2C%22eval%22%3A%221%22%7D&pdp_npi=4%40dis%21PKR%211882.65%21696.56%21%21%2147.65%2117.63%21%4021015b7d17490140211808954e46f3%2112000038467979966%21sea%21PK%210%21ABX&curPageLogUid=qfJrQjaeDKfY&utparam-url=scene%3Asearch%7Cquery_from%3A
25,Original Apple AirPods Pro2 Wireless Headphone Bluetooth Earphone In Ear Tws Gaming Sports Headphones for Air Smartphones IPhone,8297.08,//www.aliexpress.com/item/1005008591808488.html?algo_pvid=d5c1977c-943b-492a-8f5a-159bf33776a6&algo_exp_id=d5c1977c-943b-492a-8f5a-159bf33776a6-34&pdp_ext_f=%7B%22order%22%3A%22929%22%2C%22eval%22%3A%221%22%7D&pdp_npi=4%40dis%21PKR%2116594.16%218297.08%21%21%21420.00%21210.00%21%4021015b7d17490140211808954e46f3%2112000045975069874%21sea%21PK%210%21ABX&curPageLogUid=C6i5Nz8OL9Xi&utparam-url=scene%3Asearch%7Cquery_from%3A
26,Earphone Case For Airpods 4 2024 Cute Cartoon 3D Gamepad Silicone Shockproof Box Cover For Airpods 1 2 3 2021 Airpods Pro 2,1777.95,//www.aliexpress.com/item/1005009171859061.html?algo_pvid=d5c1977c-943b-492a-8f5a-159bf33776a6&algo_exp_id=d5c1977c-943b-492a-8f5a-159bf33776a6-35&pdp_ext_f=%7B%22order%22%3A%22-1%22%2C%22eval%22%3A%221%22%7D&pdp_npi=4%40dis%21PKR%211777.95%211777.95%21%21%2145.00%2145.00%21%4021015b7d17490140211808954e46f3%2112000048189810733%21sea%21PK%210%21ABX&curPageLogUid=HiFw12eQTkfr&utparam-url=scene%3Asearch%7Cquery_from%3A
27,Soft Silicone Cases For Apple Airpods  Pro Protective Bluetooth Wireless Earphone Cover For Apple Air Pods Charging Box Bags,299.36,//www.aliexpress.com/item/1005001631763627.html?algo_pvid=d5c1977c-943b-492a-8f5a-159bf33776a6&algo_exp_id=d5c1977c-943b-492a-8f5a-159bf33776a6-36&pdp_ext_f=%7B%22order%22%3A%221979%22%2C%22eval%22%3A%221%22%7D&pdp_npi=4%40dis%21PKR%21302.18%21299.36%21%21%211.07%211.06%21%4021015b7d17490140211808954e46f3%2112000016897457373%21sea%21PK%210%21ABX&curPageLogUid=7bN3Y5mzwoEn&utparam-url=scene%3Asearch%7Cquery_from%3A
28,Clear Case For AirPods 3 2 1 Pro Pro2 Transparent Soft TPU Wirelsss Headphones Protective Cover For Air Pods Pro 2 Earbuds Shell,465.98,//www.aliexpress.com/item/1005007419576514.html?algo_pvid=d5c1977c-943b-492a-8f5a-159bf33776a6&algo_exp_id=d5c1977c-943b-492a-8f5a-159bf33776a6-37&pdp_ext_f=%7B%22order%22%3A%223513%22%2C%22eval%22%3A%221%22%7D&pdp_npi=4%40dis%21PKR%21485.75%21465.98%21%21%211.72%211.65%21%4021015b7d17490140211808954e46f3%2112000040674568991%21sea%21PK%210%21ABX&curPageLogUid=cZfrIeDHwWHS&utparam-url=scene%3Asearch%7Cquery_from%3A
29,Metal Sticker Earphone Protector For Airpods 4 3 Pro 2 Cover film Dustproof Sticker For Apple Airpods 3 2 Generation Charge Boxs,186.39,//www.aliexpress.com/item/1005005633300465.html?algo_pvid=d5c1977c-943b-492a-8f5a-159bf33776a6&algo_exp_id=d5c1977c-943b-492a-8f5a-159bf33776a6-38&pdp_ext_f=%7B%22order%22%3A%22973%22%2C%22eval%22%3A%221%22%7D&pdp_npi=4%40dis%21PKR%21268.29%21186.39%21%21%210.95%210.66%21%4021015b7d17490140211808954e46f3%2112000033822909797%21sea%21PK%210%21ABX&curPageLogUid=TpBCZ9OFUMoZ&utparam-url=scene%3Asearch%7Cquery_from%3A
30,Transparent Earphone Case For Airpods Pro 2 Generation Cases Hard TPU Clear Headphone Cover For Airpods 4 3 2 1,484.39,//www.aliexpress.com/item/1005008677935893.html?algo_pvid=d5c1977c-943b-492a-8f5a-159bf33776a6&algo_exp_id=d5c1977c-943b-492a-8f5a-159bf33776a6-39&pdp_ext_f=%7B%22order%22%3A%22969%22%2C%22eval%22%3A%221%22%7D&pdp_npi=4%40dis%21PKR%21484.39%21484.39%21%21%2112.26%2112.26%21%4021015b7d17490140211808954e46f3%2112000046203932134%21sea%21PK%210%21ABX&curPageLogUid=VVxgVsPZHqKF&utparam-url=scene%3Asearch%7Cquery_from%3A
31,Bluetooth Earphone Cleaning Tools for Airpods Pro 1 2 3 Earbuds Case Cleaning Pen Bursh Kits for Samsung Xiaomi Airdots Huawei,319.13,//www.aliexpress.com/item/1005004853079882.html?algo_pvid=d5c1977c-943b-492a-8f5a-159bf33776a6&algo_exp_id=d5c1977c-943b-492a-8f5a-159bf33776a6-40&pdp_ext_f=%7B%22order%22%3A%2236106%22%2C%22eval%22%3A%221%22%7D&pdp_npi=4%40dis%21PKR%21319.13%21319.13%21%21%211.13%211.13%21%4021015b7d17490140211808954e46f3%2112000030752107242%21sea%21PK%210%21ABX&curPageLogUid=kFP7oz6I8Bdz&utparam-url=scene%3Asearch%7Cquery_from%3A
32,Luxury Luminous Shiny Quicksand Earphone Case Cover for AirPods Airpod Pro 4 3 2 Headphone Moving Sand Funda Protective Hard Bag,1309.75,//www.aliexpress.com/item/1005009128152672.html?algo_pvid=d5c1977c-943b-492a-8f5a-159bf33776a6&algo_exp_id=d5c1977c-943b-492a-8f5a-159bf33776a6-41&pdp_ext_f=%7B%22order%22%3A%221%22%2C%22eval%22%3A%221%22%7D&pdp_npi=4%40dis%21PKR%211871.19%211309.75%21%21%2147.36%2133.15%21%4021015b7d17490140211808954e46f3%2112000048013840661%21sea%21PK%210%21ABX&curPageLogUid=9GSs29VgrnQ6&utparam-url=scene%3Asearch%7Cquery_from%3A
33,Silicone Case For Airpods Pro Case Wireless Bluetooth For Apple Airpods Pro Case Cover Earphone Case For Air Pods Pro Fundas,240.06,//www.aliexpress.com/item/1005006925410274.html?algo_pvid=d5c1977c-943b-492a-8f5a-159bf33776a6&algo_exp_id=d5c1977c-943b-492a-8f5a-159bf33776a6-42&pdp_ext_f=%7B%22order%22%3A%221623%22%2C%22eval%22%3A%221%22%7D&pdp_npi=4%40dis%21PKR%21480.11%21240.06%21%21%211.70%210.85%21%4021015b7d17490140211808954e46f3%2112000038741666948%21sea%21PK%210%21ABX&curPageLogUid=63tCheQXMz6q&utparam-url=scene%3Asearch%7Cquery_from%3A
34,Mini BackpackHanging Creative House Headphone Bag For Airpods 4 3 Pro2 Galaxy Buds Headphone Case Holds Small items With Lanyard,2080.19,//www.aliexpress.com/item/1005009020783403.html?algo_pvid=d5c1977c-943b-492a-8f5a-159bf33776a6&algo_exp_id=d5c1977c-943b-492a-8f5a-159bf33776a6-43&pdp_ext_f=%7B%22order%22%3A%22217%22%2C%22eval%22%3A%221%22%7D&pdp_npi=4%40dis%21PKR%214160.39%212080.19%21%21%21105.30%2152.65%21%4021015b7d17490140211808954e46f3%2112000047606976669%21sea%21PK%210%21ABX&curPageLogUid=hukAPWWOj0cl&utparam-url=scene%3Asearch%7Cquery_from%3A
35,Leopard Print Earphone Case For Airpods Pro 2 case Silicone Protective Cover For Airpods 4 1 2 3rd Generation Shell With Hook,1597.78,//www.aliexpress.com/item/1005009163330108.html?algo_pvid=d5c1977c-943b-492a-8f5a-159bf33776a6&algo_exp_id=d5c1977c-943b-492a-8f5a-159bf33776a6-44&pdp_ext_f=%7B%22order%22%3A%221%22%2C%22eval%22%3A%221%22%7D&pdp_npi=4%40dis%21PKR%212282.49%211597.78%21%21%2157.77%2140.44%21%4021015b7d17490140211808954e46f3%2112000048157347234%21sea%21PK%210%21ABX&curPageLogUid=oTxjP5epzaxA&utparam-url=scene%3Asearch%7Cquery_from%3A
36,Silicone Earphone Cases For Airpods 4 /2  Airpods 3 Case Headphones Case Protective Case For Apple Airpods Pro 2 Airpods Covers,846.69,//www.aliexpress.com/item/1005008714783282.html?algo_pvid=d5c1977c-943b-492a-8f5a-159bf33776a6&algo_exp_id=d5c1977c-943b-492a-8f5a-159bf33776a6-45&pdp_ext_f=%7B%22order%22%3A%22216%22%2C%22eval%22%3A%221%22%7D&pdp_npi=4%40dis%21PKR%211693.39%21846.69%21%21%2142.86%2121.43%21%4021015b7d17490140211808954e46f3%2112000046359531420%21sea%21PK%210%21ABX&curPageLogUid=Wt69wa2g9uuv&utparam-url=scene%3Asearch%7Cquery_from%3A
37,Silicone TPU Case For AirPods 4 Pro 2 2nd Gen USB C Cover Spider Design Pattern Cases For AirPods Pro2 Pro 2 3 1 Shell With Hook,519.64,//www.aliexpress.com/item/1005007426061519.html?algo_pvid=d5c1977c-943b-492a-8f5a-159bf33776a6&algo_exp_id=d5c1977c-943b-492a-8f5a-159bf33776a6-46&pdp_ext_f=%7B%22order%22%3A%22599%22%2C%22eval%22%3A%221%22%7D&pdp_npi=4%40dis%21PKR%21545.06%21519.64%21%21%211.93%211.84%21%4021015b7d17490140211808954e46f3%2112000044445875778%21sea%21PK%210%21ABX&curPageLogUid=lYFuInSscUQZ&utparam-url=scene%3Asearch%7Cquery_from%3A
38,Clear Soft TPU Earphone Case for Airpods 4 3 2 1 Pro Pro2 Shockproof with Lanyard Strap for Airpods 4 Charging Case Cover,446.47,//www.aliexpress.com/item/1005007772494079.html?algo_pvid=d5c1977c-943b-492a-8f5a-159bf33776a6&algo_exp_id=d5c1977c-943b-492a-8f5a-159bf33776a6-47&pdp_ext_f=%7B%22order%22%3A%2212150%22%2C%22eval%22%3A%221%22%7D&pdp_npi=4%40dis%21PKR%21460.69%21446.47%21%21%2111.66%2111.30%21%4021015b7d17490140211808954e46f3%2112000042150926746%21sea%21PK%210%21ABX&curPageLogUid=0vUpa9UFEiP4&utparam-url=scene%3Asearch%7Cquery_from%3A
39,Transparent Earphone Case For Airpods 4 3 2 1 Generation Cases Hard PC Clear Headphone Cover For Airpods Pro 2 Shockproof Bags,465.03,//www.aliexpress.com/item/1005009008519195.html?algo_pvid=d5c1977c-943b-492a-8f5a-159bf33776a6&algo_exp_id=d5c1977c-943b-492a-8f5a-159bf33776a6-48&pdp_ext_f=%7B%22order%22%3A%2245%22%2C%22eval%22%3A%221%22%7D&pdp_npi=4%40dis%21PKR%21566.97%21465.03%21%21%2114.35%2111.77%21%4021015b7d17490140211808954e46f3%2112000047561832789%21sea%21PK%210%21ABX&curPageLogUid=RwkkKTGJiiih&utparam-url=scene%3Asearch%7Cquery_from%3A
40,"Silicone Earphone Cases For Airpods 4 1/2, Airpods 3 Case Headphones Case Protective Case For Apple Airpods Pro 2 Airpods Covers",672.15,//www.aliexpress.com/item/1005004728806886.html?algo_pvid=d5c1977c-943b-492a-8f5a-159bf33776a6&algo_exp_id=d5c1977c-943b-492a-8f5a-159bf33776a6-49&pdp_ext_f=%7B%22order%22%3A%2213334%22%2C%22eval%22%3A%221%22%7D&pdp_npi=4%40dis%21PKR%21711.69%21672.15%21%21%212.52%212.38%21%4021015b7d17490140211808954e46f3%2112000030267152200%21sea%21PK%210%21ABX&curPageLogUid=s74rMEBmCH24&utparam-url=scene%3Asearch%7Cquery_from%3A
41,Dynamic Glitter Rhinestones Earphone Case for Airpods Pro Cover Para Airpod 4 3 2 Luxury Headphone Carcasa Brilliant Hard Shell,1309.75,//www.aliexpress.com/item/1005009128379153.html?algo_pvid=d5c1977c-943b-492a-8f5a-159bf33776a6&algo_exp_id=d5c1977c-943b-492a-8f5a-159bf33776a6-50&pdp_ext_f=%7B%22order%22%3A%22-1%22%2C%22eval%22%3A%221%22%7D&pdp_npi=4%40dis%21PKR%211871.19%211309.75%21%21%2147.36%2133.15%21%4021015b7d17490140211808954e46f3%2112000048014090461%21sea%21PK%210%21ABX&curPageLogUid=0PRSDbx40Q1Q&utparam-url=scene%3Asearch%7Cquery_from%3A
42,"Silicone Earphone Cases For Airpods Pro, Airpods Case Headphones Case Protective Case For Apple Airpods Pro 1 2019 Airpods Cover",138.38,//www.aliexpress.com/item/1005006629168310.html?algo_pvid=d5c1977c-943b-492a-8f5a-159bf33776a6&algo_exp_id=d5c1977c-943b-492a-8f5a-159bf33776a6-51&pdp_ext_f=%7B%22order%22%3A%221386%22%2C%22eval%22%3A%221%22%7D&pdp_npi=4%40dis%21PKR%21251.35%21138.38%21%21%210.89%210.49%21%4021015b7d17490140211808954e46f3%2112000037867671692%21sea%21PK%210%21ABX&curPageLogUid=3AJ3MBLXoC3o&utparam-url=scene%3Asearch%7Cquery_from%3A
43,Original Apple AirPods Pro2 Wireless Headphone Bluetooth Earphone In Ear Tws Gaming Sports Headphones for Air Smartphones IPhone,8297.08,//www.aliexpress.com/item/1005008685401612.html?algo_pvid=d5c1977c-943b-492a-8f5a-159bf33776a6&algo_exp_id=d5c1977c-943b-492a-8f5a-159bf33776a6-52&pdp_ext_f=%7B%22order%22%3A%22522%22%2C%22eval%22%3A%221%22%7D&pdp_npi=4%40dis%21PKR%2116594.16%218297.08%21%21%21420.00%21210.00%21%4021015b7d17490140211808954e46f3%2112000047237794272%21sea%21PK%210%21ABX&curPageLogUid=wsiA2uxAGVdF&utparam-url=scene%3Asearch%7Cquery_from%3A
44,2024 New Case For Apple Airpods 4 Cover Silicone Protective Cases For Airpods 4 4th Gen Fundas Wireless Headphone Accessories,426.45,//www.aliexpress.com/item/1005007929524348.html?algo_pvid=d5c1977c-943b-492a-8f5a-159bf33776a6&algo_exp_id=d5c1977c-943b-492a-8f5a-159bf33776a6-53&pdp_ext_f=%7B%22order%22%3A%229877%22%2C%22eval%22%3A%221%22%7D&pdp_npi=4%40dis%21PKR%21449.04%21426.45%21%21%211.59%211.51%21%4021015b7d17490140211808954e46f3%2112000042900505060%21sea%21PK%210%21ABX&curPageLogUid=WuvSBVxasqdA&utparam-url=scene%3Asearch%7Cquery_from%3A
45,Trend Travis Scott Transparent Protection Bluetooth Headset Cases for Apple Airpods 4 1 2 Pro 3 Pro2 Shockproof Headphones Cover,734.28,//www.aliexpress.com/item/1005008257626136.html?algo_pvid=d5c1977c-943b-492a-8f5a-159bf33776a6&algo_exp_id=d5c1977c-943b-492a-8f5a-159bf33776a6-54&pdp_ext_f=%7B%22order%22%3A%221392%22%2C%22eval%22%3A%221%22%7D&pdp_npi=4%40dis%21PKR%21762.52%21734.28%21%21%212.70%212.60%21%4021015b7d17490140211808954e46f3%2112000044392816326%21sea%21PK%210%21ABX&curPageLogUid=gSee2yoFN27m&utparam-url=scene%3Asearch%7Cquery_from%3A
46,Silicone Cover Case For apple Airpods Pro Case Air Pods 3 Bluetooth Case Protective For Air Pod Pro 3 Earphone Accessories,313.48,//www.aliexpress.com/item/1005001632426667.html?algo_pvid=d5c1977c-943b-492a-8f5a-159bf33776a6&algo_exp_id=d5c1977c-943b-492a-8f5a-159bf33776a6-55&pdp_ext_f=%7B%22order%22%3A%221910%22%2C%22eval%22%3A%221%22%7D&pdp_npi=4%40dis%21PKR%21313.48%21313.48%21%21%211.11%211.11%21%4021015b7d17490140211808954e46f3%2112000016899910542%21sea%21PK%210%21ABX&curPageLogUid=Pq4QZNEn1LHv&utparam-url=scene%3Asearch%7Cquery_from%3A
47,3D Bow Wave Earphone Case for Apple AirPods 1 2 Case Pink Floral Girls Cover for AirPods Pro Wireless Box With Keychain,533.76,//www.aliexpress.com/item/1005008841159293.html?algo_pvid=d5c1977c-943b-492a-8f5a-159bf33776a6&algo_exp_id=d5c1977c-943b-492a-8f5a-159bf33776a6-56&pdp_ext_f=%7B%22order%22%3A%2245%22%2C%22eval%22%3A%221%22%7D&pdp_npi=4%40dis%21PKR%21559.18%21533.76%21%21%211.98%211.89%21%4021015b7d17490140211808954e46f3%2112000046905101173%21sea%21PK%210%21ABX&curPageLogUid=0t2b74Y7NoSr&utparam-url=scene%3Asearch%7Cquery_from%3A
48,Soft Silicone Anti-fall Cases For Apple Earphone Airpods 1st 2nd Case Wireless Earphone Cover For AirPods 2 1 Cover Accessories,632.77,//www.aliexpress.com/item/1005006772068803.html?algo_pvid=d5c1977c-943b-492a-8f5a-159bf33776a6&algo_exp_id=d5c1977c-943b-492a-8f5a-159bf33776a6-57&pdp_ext_f=%7B%22order%22%3A%22373%22%2C%22eval%22%3A%221%22%7D&pdp_npi=4%40dis%21PKR%211758.19%21632.77%21%21%2144.50%2116.02%21%4021015b7d17490140211808954e46f3%2112000038248472617%21sea%21PK%210%21ABX&curPageLogUid=owBdejctR6kC&utparam-url=scene%3Asearch%7Cquery_from%3A
49,For AirPods Pro Protective Case Silicone New Solid Color Apple Airpods 2 1 Bluetooth Headset Soft Case Cover with Hook,279.6,//www.aliexpress.com/item/1005001631784677.html?algo_pvid=d5c1977c-943b-492a-8f5a-159bf33776a6&algo_exp_id=d5c1977c-943b-492a-8f5a-159bf33776a6-58&pdp_ext_f=%7B%22order%22%3A%221858%22%2C%22eval%22%3A%221%22%7D&pdp_npi=4%40dis%21PKR%21282.42%21279.60%21%21%211.00%210.99%21%4021015b7d17490140211808954e46f3%2112000016897984636%21sea%21PK%210%21ABX&curPageLogUid=z0lTooUYlZXf&utparam-url=scene%3Asearch%7Cquery_from%3A
50,Glitter Quicksand Earphone Cover for AirPods Pro Case Para Airpod 4 3 2 Luxury Protective Headphone Carcasa Brilliant Funda Hard,1309.75,//www.aliexpress.com/item/1005009128248526.html?algo_pvid=d5c1977c-943b-492a-8f5a-159bf33776a6&algo_exp_id=d5c1977c-943b-492a-8f5a-159bf33776a6-59&pdp_ext_f=%7B%22order%22%3A%22-1%22%2C%22eval%22%3A%221%22%7D&pdp_npi=4%40dis%21PKR%211871.19%211309.75%21%21%2147.36%2133.15%21%4021015b7d17490140211808954e46f3%2112000048014180679%21sea%21PK%210%21ABX&curPageLogUid=KJYhLa5bgAoA&utparam-url=scene%3Asearch%7Cquery_from%3A
